10,1.87922715816998e-07,0
9.99995069309106,0.0314029864362451,0
9.99980273892568,0.0628121890642045,0
9.99955605522877,0.0942318987882417,0
9.99921051980181,0.125666164457333,0
9.99876597119379,0.157118980852128,0
9.99822220936861,0.188594288753437,0
9.99757899636882,0.220095975014822,0
9.99683605697566,0.251627872639258,0
9.99599307936556,0.283193760859822,0
9.99504971576287,0.31479736522438,0
9.99400558308896,0.346442357684221,0
9.99286026360764,0.378132356686623,0
9.99161330556686,0.409870927271285,0
9.99026422383668,0.441661581170621,0
9.98881250054361,0.473507776913844,0
9.98725758570108,0.505412919934835,0
9.98559889783628,0.53738036268374,0
9.98383582461326,0.569413404742258,0
9.98196772345213,0.601515292942603,0
9.9799939221447,0.633689221490072,0
9.97791371946614,0.665938332089217,0
9.97572638578302,0.698265714073552,0
9.97343116365745,0.730674404538782,0
9.97102726844745,0.763167388479504,0
9.96851388890352,0.795747598929354,0
9.9658901877614,0.828417917104551,0
9.96315530233098,0.86118117255081,0
9.9603083450814,0.89404014329359,0
9.95734840422227,0.926997555991635,0
9.95427454428113,0.960056086093767,0
9.95108580667694,0.993218357998915,0
9.94778121028985,1.02648694521932,0
9.94435975202695,1.05986437054688,0
9.9408204073843,1.09335310622265,0
9.93716213100498,1.12695557410937,0
9.93338385723331,1.16067414586706,0
9.92948450066516,1.19451114313166,0
9.92546295669437,1.22846883769654,0
9.92131810205531,1.26254945169705,0
9.9170487953615,1.29675515779793,0
9.91265387764031,1.33108807938358,0
9.90813217286383,1.36555029075115,0
9.90348248847573,1.40014381730648,0
9.8987036159143,1.4348706357627,0
9.89379433113147,1.46973267434168,0
9.88875339510802,1.50473181297805,0
9.88357955436473,1.53986988352597,0
9.87827154146977,1.57514866996844,0
9.872828075542,1.61056990862927,0
9.86724786275042,1.64613528838752,0
9.86152959680969,1.68184645089457,0
9.85567195947168,1.71770499079352,0
9.84967362101311,1.75371245594116,0
9.84353324071919,1.78987034763232,0
9.83724946736346,1.82618012082656,0
9.83082093968349,1.86264318437726,0
9.82424628685281,1.89926090126298,0
9.81752412894881,1.93603458882109,0
9.81065307741673,1.97296551898372,0
9.80363173552964,2.0100549185158,0
9.79645869884461,2.04730396925536,0
9.78913255565478,2.08471380835599,0
9.78165188743762,2.12228552853127,0
9.77401526929913,2.16002017830147,0
9.76622127041422,2.19791876224213,0
9.75826845446304,2.23598224123476,0
9.75015538006345,2.27421153271939,0
9.74188060119949,2.31260751094924,0
9.73344266764597,2.35117100724712,0
9.72484012538907,2.3899028102638,0
9.71607151704307,2.42880366623825,0
9.70713538226307,2.46787427925961,0
9.69803025815389,2.50711531153097,0
9.68875467967491,2.54652738363497,0
9.67930718004112,2.58611107480099,0
9.66968629112013,2.62586692317409,0
9.65989054382536,2.66579542608563,0
9.64991846850529,2.70589704032547,0
9.63976859532874,2.74617218241572,0
9.62943945466631,2.78662122888611,0
9.61892957746793,2.82724451655088,0
9.60823749563644,2.86804234278711,0
9.59736174239731,2.90901496581455,0
9.5863008526645,2.9501626049769,0
9.57505336340241,2.99148544102441,0
9.56361781398393,3.03298361639796,0
9.55199274654463,3.07465723551436,0
9.5401767063331,3.11650636505305,0
9.52816824205739,3.15853103424402,0
9.5159659062276,3.20073123515699,0
9.50356825549465,3.24310692299182,0
9.49097385098512,3.28565801637009,0
9.47818125863236,3.32838439762779,0
9.46518904950364,3.37128591310929,0
9.45199580012358,3.41436237346215,0
9.43860009279367,3.45761355393325,0
9.42500051590805,3.50103919466579,0
9.41119566426537,3.54463900099739,0
9.397184139377,3.58841264375905,0
9.38296454977128,3.6323597595752,0
9.36853551129411,3.67647995116458,0
9.35389564740566,3.72077278764199,0
9.3390435894734,3.76523780482103,0
9.32397797706129,3.80987450551741,0
9.30869745821518,3.85468235985347,0
9.29320068974463,3.89966080556297,0
9.27748633750077,3.94480924829706,0
9.26155307665054,3.9901270619308,0
9.24539959194726,4.03561358887017,0
9.2290245779973,4.08126814036022,0
9.21242673952325,4.12708999679337,0
9.19560479162324,4.17307840801851,0
9.17855746002663,4.21923259365081,0
9.16128348134603,4.26555174338182,0
9.1437816033256,4.31203501729031,0
9.12605058508575,4.35868154615345,0
9.10808919736409,4.40549043175864,0
9.08989622275291,4.45246074721543,0
9.07147045593278,4.49959153726842,0
9.05281070390276,4.54688181860999,0
9.03391578620686,4.59433058019367,0
9.01478453515697,4.64193678354782,0
8.99541579605212,4.6896993630896,0
8.9758084273942,4.73761722643929,0
8.9559613011002,4.78568925473459,0
8.9358733027107,4.83391430294558,0
8.91554333159495,4.88229120018953,0
8.89497030115237,4.93081875004615,0
8.87415313901059,4.97949573087268,0
8.85309078721978,5.0283208961195,0
8.83178220244377,5.0772929746455,0
8.81022635614741,5.12641067103372,0
8.78842223478057,5.17567266590702,0
8.76636883995871,5.22507761624371,0
8.74406518863989,5.27462415569331,0
8.72151031329844,5.32431089489206,0
8.6987032620951,5.3741364217787,0
8.67564309904383,5.42409930190995,0
8.65232890417514,5.47419807877593,0
8.62875977369609,5.52443127411558,0
8.60493482014683,5.5747973882318,0
8.5808531725539,5.6252949003065,0
8.55651397657995,5.67592226871558,0
8.53191639467046,5.72667793134329,0
8.50705960619672,5.77756030589702,0
8.48194280759589,5.82856779022105,0
8.45656521250745,5.87969876261075,0
8.4309260519065,5.93095158212608,0
8.4050245742338,5.98232458890475,0
8.37886004552256,6.03381610447509,0
8.35243174952181,6.08542443206888,0
8.3257389878168,6.13714785693316,0
8.29878107994591,6.18898464664221,0
8.27155736351466,6.24093305140866,0
8.24406719430616,6.29299130439457,0
8.21630994638876,6.34515762202155,0
8.18828501222026,6.39743020428078,0
8.15999180274906,6.44980723504244,0
8.13142974751235,6.50228688236415,0
8.10259829473062,6.55486729880003,0
8.07349691140006,6.60754662170719,0
8.04412508338074,6.6603229735539,0
8.01448231548252,6.71319446222546,0
7.98456813154763,6.76615918133002,0
7.95438207453011,6.81921521050397,0
7.92392370657239,6.87236061571617,0
7.89319260907875,6.92559344957188,0
7.86218838278594,6.97891175161552,0
7.83091064783057,7.03231354863323,0
7.79935904381366,7.08579685495437,0
7.76753322986243,7.13935967275198,0
7.73543288468871,7.19299999234316,0
7.70305770664492,7.24671579248783,0
7.67040741377677,7.30050504068726,0
7.63748174387342,7.35436569348118,0
7.60428045451415,7.40829569674503,0
7.57080332311336,7.46229298598443,0
7.53705014696097,7.51635548663153,0
7.50302074326206,7.57048111433712,0
7.46871494917177,7.62466777526496,0
7.43413262182884,7.6789133663828,0
7.39927363838562,7.73321577575361,0
7.36413789603543,7.78757288282573,0
7.32872531203762,7.84198255872124,0
7.29303582373928,7.8964426665243,0
7.25706938859459,7.95095106156792,0
7.22082598418153,8.00550559171957,0
7.18430560821576,8.06010409766595,0
7.14750827856199,8.11474441319647,0
7.11043403324236,8.16942436548608,0
7.07308293044299,8.22414177537592,0
7.03545504851678,8.27889445765435,0
6.9975504859848,8.33368022133522,0
6.95936936153429,8.38849686993613,0
6.92091181401444,8.44334220175497,0
6.88217800242951,8.49821401014551,0
6.84316810592986,8.55311008379108,0
6.80388232379962,8.60802820697828,0
6.76432087544298,8.66296615986794,0
6.72448400036666,8.7179217187665,0
6.68437195816173,8.77289265639392,0
6.64398502848103,8.82787674215276,0
6.60332351101564,8.88287174239407,0
6.56238772546869,8.9378754206823,0
6.52117801152568,8.99288553806035,0
6.47969472882448,9.04789985331057,0
6.43793825692085,9.10291612321725,0
6.39590899525348,9.15793210282524,0
6.35360736310507,9.21294554569947,0
6.31103379956255,9.26795420418102,0
6.26818876347423,9.32295582964305,0
6.22507273340533,9.37794817274427,0
6.18168620758971,9.43292898368314,0
6.13802970388196,9.48789601244725,0
6.09410375970506,9.54284700906408,0
6.0499089319965,9.59777972384949,0
6.00544579715365,9.65269190765298,0
5.96071495097434,9.70758131210474,0
5.91571700859744,9.76244568985844,0
5.87045260444105,9.81728279483311,0
5.82492239213744,9.87209038245462,0
5.77912704446727,9.92686620989418,0
5.73306725329131,9.98160803630578,0
5.68674372947963,10.0363136230625,0
5.64015720283945,10.0909807339909,0
5.59330842204075,10.1456071356033,0
5.54619815454004,10.2001905973293,0
5.49882718650205,10.254728891745,0
5.4511963227192,10.3092197948015,0
5.40330638653004,10.3636610860503,0
5.35515821973467,10.4180505488687,0
5.30675268250919,10.4723859706822,0
5.25809065331856,10.5266651431854,0
5.20917302882483,10.5808858625638,0
5.16000072379909,10.6350459297082,0
5.11057467102549,10.6891431504336,0
5.06089582120744,10.7431753356932,0
5.01096514287122,10.7971403017899,0
4.96078362226647,10.8510358705895,0
4.91035226326709,10.9048598697281,0
4.85967208726888,10.9586101328204,0
4.80874413308602,11.012284499666,0
4.75756945684564,11.0658808164531,0
4.70614913188173,11.1193969359603,0
4.65448424862593,11.172830717758,0
4.60257591449732,11.226180028407,0
4.55042525379172,11.279442741655,0
4.49803340756727,11.3326167386324,0
4.44540153353075,11.3856999080451,0
4.39253080592067,11.4386901463662,0
4.33942241538942,11.4915853580264,0
4.28607756888376,11.5443834556014,0
4.23249748952517,11.5970823599976,0
4.17868341648651,11.649680000637,0
4.12463660486826,11.7021743156399,0
4.07035832557433,11.7545632520048,0
4.01584986518531,11.8068447657869,0
3.96111252583049,11.8590168222758,0
3.90614762505783,11.9110773961706,0
3.85095649570542,11.9630244717517,0
3.79554048576766,12.0148560430536,0
3.73990095826374,12.0665701140328,0
3.6840392911014,12.1181646987372,0
3.62795687694344,12.1696378214692,0
3.57165512306863,12.2209875169519,0
3.51513545123521,12.2722118304892,0
3.45839929754089,12.3233088181261,0
3.40144811228183,12.3742765468074,0
3.34428335981239,12.4251130945322,0
3.28690651840037,12.4758165505101,0
3.22931908008534,12.5263850153111,0
3.1715225505311,12.5768166010181,0
3.11351844888126,12.627109431374,0
3.05530830761174,12.6772616419281,0
2.99689367238215,12.7272713801809,0
2.93827610188627,12.7771368057271,0
2.87945716770267,12.8268560903951,0
2.82043845414228,12.8764274183869,0
2.76122155809709,12.9258489864136,0
2.70180808888653,12.975119003831,0
2.64219966810275,13.0242356927724,0
2.58239792945706,13.0731972882785,0
2.52240451862144,13.1220020384282,0
2.46222109307528,13.1706482044626,0
2.40184932194306,13.2191340609137,0
2.341290885841,13.2674578957232,0
2.28054747671323,13.3156180103671,0
2.21962079767413,13.363612719973,0
2.15851256284538,13.4114403534381,0
2.09722449719756,13.4590992535424,0
2.03575833638462,13.5065877770638,0
1.97411582658061,13.5539042948896,0
1.91229872431828,13.6010471921235,0
1.85030879632206,13.6480148681948,0
1.78814781934359,13.6948057369629,0
1.72581757999723,13.7414182268198,0
1.66331987459044,13.7878507807932,0
1.60065650895783,13.8341018566454,0
1.537829298297,13.8801699269675,0
1.47484006699341,13.92605347928,0
1.4116906484569,13.9717510161221,0
1.34838288494907,14.0172610551454,0
1.28491862741544,14.0625821292018,0
1.22129973531458,14.1077127864312,0
1.15752807644427,14.1526515903489,0
1.09360552677417,14.1973971199266,0
1.02953397027121,14.241947969675,0
0.965315298728266,14.2863027497235,0
0.900951411590643,14.3304600858977,0
0.836444215783657,14.374418619795,0
0.771795625538182,14.4181770088583,0
0.707007562217919,14.4617339264473,0
0.642081954144554,14.5050880619086,0
0.577020736421529,14.5482381206443,0
0.511825850763056,14.5911828241754,0
0.44649924531316,14.6339209102092,0
0.381042874477251,14.6764511326969,0
0.315458698740295,14.7187722618975,0
0.249748684492169,14.7608830844345,0
0.183914803854457,14.8027824033503,0
0.117959034502154,14.8444690381616,0
0.051883359485247,14.8859418249125,0
-0.0143102329458049,14.9271996162235,0
-0.0806197495176528,14.9682412813398,0
-0.147043192110629,15.0090657061778,0
-0.213578557936662,15.0496717933697,0
-0.280223839718109,15.0900584623071,0
-0.34697702585987,15.130224649178,0
-0.413836100633427,15.17016930701,0
-0.480799044349772,15.2098914057038,0
-0.547863833538267,15.249389932069,0
-0.615028441126274,15.2886638898583,0
-0.682290836611769,15.3277122997956,0
-0.749648986247891,15.366534199609,0
-0.817100853211497,15.4051286440531,0
-0.884644397790157,15.4434947049398,0
-0.952277577551852,15.4816314711569,0
-1.01999834752771,15.5195380486936,0
-1.08780466038634,15.5572135606577,0
-1.1556944666092,15.594657147293,0
-1.2236657146746,15.6318679659987,0
-1.29171635122423,15.6688451913385,0
-1.35984432125093,15.7055880150582,0
-1.4280475682654,15.7420956460912,0
-1.49632403448006,15.7783673105709,0
-1.56467166097766,15.8144022518338,0
-1.6330883878975,15.8501997304294,0
-1.70157215459842,15.8857590241167,0
-1.77012089984593,15.9210794278719,0
-1.83873256197688,15.9561602538822,0
-1.90740507908355,15.991000831548,0
-1.97613638918428,16.0256005074772,0
-2.04492443039269,16.0599586454761,0
-2.11376714109927,16.0940746265461,0
-2.18266246014337,16.1279478488731,0
-2.25160832698193,16.161577727814,0
-2.32060268186403,16.1949636958843,0
-2.38964346600783,16.2281052027462,0
-2.45872862176773,16.2610017151885,0
-2.52785609280448,16.2936527171088,0
-2.5970238242604,16.3260577094943,0
-2.66622976293106,16.3582162104012,0
-2.73547185742719,16.390127754927,0
-2.80474805835652,16.4217918951908,0
-2.87405631847963,16.4532082003001,0
-2.94339459289146,16.4843762563284,0
-3.01276083917673,16.5152956662785,0
-3.082153017592,16.5459660500575,0
-3.15156909121794,16.5763870444357,0
-3.22100702613612,16.6065583030165,0
-3.29046479158889,16.6364794961964,0
-3.35994036015358,16.6661503111298,0
-3.42943170788955,16.6955704516815,0
-3.49893681452643,16.7247396383949,0
-3.56845366360143,16.7536576084369,0
-3.63798024265005,16.7823241155648,0
-3.7075145433367,16.8107389300663,0
-3.77705456164862,16.838901838724,0
-3.84659829802826,16.8668126447543,0
-3.91614375755582,16.8944711677643,0
-3.98568895008866,16.921877243691,0
-4.05523189043746,16.9490307247532,0
-4.12477059851359,16.9759314793914,0
-4.19430309948851,17.0025793922102,0
-4.26382742395051,17.0289743639195,0
-4.3333416080596,17.0551163112732,0
-4.40284369370701,17.0810051670084,0
-4.4723317286558,17.1066408797763,0
-4.54180376671405,17.1320234140846,0
-4.61125786786921,17.1571527502235,0
-4.68069209844277,17.1820288841984,0
-4.7501045312573,17.2066518276663,0
-4.81949324576011,17.2310216078547,0
-4.88885632819191,17.2551382674959,0
-4.95819187172616,17.2790018647499,0
-5.02749797661827,17.302612473129,0
-5.09677275035378,17.325970181422,0
-5.16601430778071,17.3490750936106,0
-5.23522077128295,17.3719273288,0
-5.30439027088521,17.3945270211242,0
-5.37352094442736,17.4168743196742,0
-5.44261093768619,17.4389693884076,0
-5.51165840452983,17.4608124060672,0
-5.58066150704153,17.4824035660902,0
-5.6496184156758,17.5037430765246,0
-5.71852730937832,17.5248311599355,0
-5.78738637573512,17.5456680533175,0
-5.85619381109826,17.5662540080001,0
-5.92494782073698,17.5865892895594,0
-5.99364661894253,17.6066741777153,0
-6.06228842918867,17.6265089662437,0
-6.13087148424445,17.6460939628745,0
-6.19939402630983,17.6654294891946,0
-6.26785430715224,17.6845158805505,0
-6.3362505882207,17.7033534859441,0
-6.40458114077235,17.7219426679302,0
-6.47284424602531,17.7402838025212,0
-6.54103819523396,17.7583772790695,0
-6.60916128986502,17.7762235001758,0
-6.6772118416773,17.7938228815715,0
-6.74518817287151,17.8111758520184,0
-6.81308861619007,17.8282828531946,0
-6.88091151504851,17.8451443395877,0
-6.94865522363993,17.8617607783805,0
-7.01631810707874,17.8781326493454,0
-7.08389854147182,17.8942604447204,0
-7.15139491407461,17.9101446691052,0
-7.21880562337299,17.9257858393379,0
-7.28612907921569,17.9411844843839,0
-7.35336370290745,17.9563411452143,0
-7.42050792733944,17.9712563746921,0
-7.48756019706381,17.9859307374455,0
-7.55451896843089,18.000364809754,0
-7.62138270967938,18.0145591794239,0
-7.68814990104913,18.0285144456671,0
-7.75481903485837,18.0422312189732,0
-7.82138861564548,18.0557101209928,0
-7.88785716023474,18.0689517844055,0
-7.95422319784549,18.0819568527957,0
-8.02048527019451,18.0947259805267,0
-8.08664193158515,18.107259832611,0
-8.15269174900832,18.1195590845829,0
-8.21863330221679,18.131624422365,0
-8.28446518385593,18.1434565421448,0
-8.35018599950612,18.1550561502344,0
-8.41579436780694,18.1664239629448,0
-8.48128892052843,18.1775607064494,0
-8.54666830266559,18.1884671166518,0
-8.61193117251206,18.1991439390493,0
-8.67707620176245,18.2095919286003,0
-8.74210207556863,18.2198118495841,0
-8.80700749265072,18.2298044754684,0
-8.87179116533954,18.2395705887663,0
-8.93645181969741,18.2491109809042,0
-9.00098819555205,18.2584264520764,0
-9.06539904660873,18.2675178111105,0
-9.12968314049219,18.2763858753229,0
-9.19383925884327,18.2850314703805,0
-9.25786619738016,18.2934554301581,0
-9.32176276595315,18.3016585965937,0
-9.38552778864334,18.3096418195499,0
-9.44916010380635,18.317405956667,0
-9.51265856413725,18.3249518732188,0
-9.57602203674688,18.3322804419699,0
-9.63924940321569,18.3393925430285,0
-9.70233955964065,18.3462890636999,0
-9.76529141673394,18.3529708983438,0
-9.82810389984446,18.3594389482238,0
-9.89077594900185,18.3656941213583,0
-9.95330651903384,18.3717373323796,0
-10.0156945795525,18.3775695023782,0
-10.0779391150338,18.3831915587572,0
-10.1400391248775,18.3886044350832,0
-10.2019936234361,18.3938090709356,0
-10.2638016400701,18.3988064117564,0
-10.3254622191964,18.4035974087003,0
-10.3869744203316,18.4081830184835,0
-10.4483373181287,18.412564203232,0
-10.5095500024169,18.4167419303298,0
-10.5706115782591,18.420717172268,0
-10.6315211659696,18.4244909064911,0
-10.6922779011507,18.4280641152445,0
-10.7528809347437,18.4314377854223,0
-10.8133294330541,18.4346129084136,0
-10.8736225777724,18.4375904799482,0
-10.9337595660304,18.4403714999444,0
-10.9937396103866,18.4429569723527,0
-11.0535619389163,18.4453479050043,0
-11.1132257951714,18.4475453094537,0
-11.1727304382464,18.4495502008262,0
-11.2320751427973,18.4513635976622,0
-11.2912591990387,18.4529865217615,0
-11.3502819127899,18.4544199980294,0
-11.409142605476,18.4556650543202,0
-11.4678406141568,18.4567227212824,0
-11.5263752915338,18.4575940322029,0
-11.5847460059491,18.458280022851,0
-11.642952141449,18.4587817313232,0
-11.7009930977119,18.4591001978869,0
-11.758868290145,18.4592364648247,0
-11.8165771498169,18.4591915762784,0
-11.8741191235198,18.4589665780932,0
-11.9314936737347,18.4585625176613,0
-11.9887002786599,18.4579804437664,0
-12.0457384321803,18.4572214064278,0
-12.1026076439113,18.4562864567438,0
-12.1593074391639,18.4551766467364,0
-12.2158373589266,18.4538930291962,0
-12.2721969599284,18.4524366575244,0
-12.3283858145436,18.4508085855801,0
-12.3844035108442,18.4490098675226,0
-12.4402496525743,18.4470415576568,0
-12.4959238591207,18.4449047102785,0
-12.5514257655397,18.4426003795176,0
-12.6067550224977,18.440129619185,0
-12.6619112962708,18.4374934826176,0
-12.7168942687565,18.4346930225218,0
-12.7717036374055,18.4317292908219,0
-12.8263391152376,18.4286033385038,0
-12.8808004307989,18.4253162154627,0
-12.9350873281467,18.4218689703486,0
-12.9891995668397,18.4182626504117,0
-13.0431369218609,18.4144983013533,0
-13.0968991836494,18.4105769671685,0
-13.1504861580485,18.4064996899952,0
-13.2038976662384,18.4022675099648,0
-13.2571335447667,18.3978814650454,0
-13.310193645453,18.3933425908954,0
-13.3630778354216,18.3886519207063,0
-13.4157859969708,18.3838104850607,0
-13.4683180276339,18.3788193117725,0
-13.5206738400574,18.3736794257446,0
-13.5728533620263,18.3683918488134,0
-13.6248565363449,18.3629575996068,0
-13.6766833208781,18.3573776933872,0
-13.7283336884391,18.3516531419098,0
-13.779807626753,18.3457849532746,0
-13.8311051384426,18.3397741317746,0
-13.8822262409232,18.3336216777558,0
-13.9331709664221,18.3273285874625,0
-13.9839393618386,18.3208958529022,0
-14.0345314887446,18.314324461694,0
-14.0849474233398,18.3076153969222,0
-14.1351872563254,18.3007696370018,0
-14.1852510929311,18.2937881555233,0
-14.2351390527821,18.2866719211202,0
-14.2848512698861,18.2794218973199,0
-14.3343878925147,18.2720390424104,0
-14.3837490832263,18.2645243092865,0
-14.4329350186746,18.2568786453285,0
-14.4819458896729,18.2491029922425,0
-14.5307819010265,18.2411982859371,0
-14.5794432715116,18.2331654563776,0
-14.6279302337712,18.2250054274538,0
-14.6762430342887,18.2167191168355,0
-14.7243819332441,18.2083074358487,0
-14.7723472045029,18.1997712893291,0
-14.8201391354875,18.1911115754968,0
-14.8677580271581,18.1823291858121,0
-14.9152041938439,18.1734250048591,0
-14.9624779632448,18.1643999101982,0
-15.0095796763091,18.1552547722426,0
-15.056509687156,18.1459904541266,0
-15.1032683629634,18.1366078115816,0
-15.1498560839375,18.1271076927963,0
-15.1962732431814,18.1174909382978,0
-15.2425202465928,18.1077583808276,0
-15.2885975128178,18.0979108452064,0
-15.3345054731257,18.0879491482162,0
-15.3802445713293,18.0778740984733,0
-15.4258152636732,18.0676864963092,0
-15.471218018753,18.057387133645,0
-15.5164533174191,18.0469767938702,0
-15.5615216526561,18.0364562517274,0
-15.6064235295173,18.0258262731856,0
-15.6511594649798,18.0150876153322,0
-15.6957299878803,18.0042410262469,0
-15.7401356387885,17.9932872448914,0
-15.7843769699177,17.9822270009902,0
-15.8284545449996,17.9710610149221,0
-15.8723689391852,17.9597899976049,0
-15.9161207389494,17.9484146503804,0
-15.9597105419467,17.9369356649129,0
-16.0031389569448,17.925353723068,0
-16.0464066036781,17.9136694968131,0
-16.0895141127404,17.9018836481088,0
-16.1324621254856,17.8899968287987,0
-16.1752512938893,17.8780096805109,0
-16.2178822804569,17.8659228345468,0
-16.2603557580838,17.8537369117854,0
-16.3026724099248,17.8414525225848,0
-16.3448329293381,17.8290702666639,0
-16.3868380196873,17.8165907330256,0
-16.4286883942523,17.8040144998493,0
-16.4703847760994,17.7913421343968,0
-16.5119278980114,17.7785741929001,0
-16.5533185022284,17.7657112205086,0
-16.5945573404605,17.7527537511538,0
-16.6356451736985,17.7397023074765,0
-16.676582772072,17.7265574007413,0
-16.7173709147699,17.7133195307321,0
-16.7580103898344,17.6999891856887,0
-16.7985019941197,17.686566842191,0
-16.8388465330655,17.6730529651059,0
-16.8790448206558,17.6594480074728,0
-16.9190976792168,17.6457524104441,0
-16.9590059392823,17.6319666032046,0
-16.9987704395165,17.6180910028719,0
-17.0383920265391,17.6041260144312,0
-17.0778715547319,17.5900720306787,0
-17.11720988624,17.5759294320966,0
-17.1564078906543,17.5616985868427,0
-17.1954664450233,17.5473798506241,0
-17.2343864336364,17.5329735666525,0
-17.2731687478898,17.5184800655727,0
-17.3118142861545,17.5038996653902,0
-17.350323953596,17.4892326714186,0
-17.3886986621238,17.474479376179,0
-17.4269393301021,17.459640059391,0
-17.4650468823635,17.4447149878498,0
-17.5030222498843,17.4297044154342,0
-17.5408663698358,17.4146085829701,0
-17.578580185246,17.3994277182476,0
-17.6161646449852,17.3841620359119,0
-17.6536207035405,17.3688117374391,0
-17.6909493209156,17.3533770110628,0
-17.7281514624088,17.3378580317524,0
-17.7652280985699,17.3222549611177,0
-17.802180204916,17.3065679474165,0
-17.8390087618917,17.2907971254598,0
-17.8757147546299,17.2749426166036,0
-17.9122991728857,17.2590045286672,0
-17.9487630107802,17.2429829559359,0
-17.9851072666931,17.2268779790996,0
-18.0213329431434,17.2106896651982,0
-18.0574410465695,17.1944180676129,0
-18.0934325871918,17.1780632260221,0
-18.1293085788886,17.1616251663524,0
-18.1650700389712,17.1451039007778,0
-18.2007179880686,17.1284994276692,0
-18.2362534499914,17.1118117315549,0
-18.2716774514758,17.0950407831393,0
-18.3069910221668,17.0781865392098,0
-18.3421951942975,17.0612489426898,0
-18.3772910026508,17.0442279225581,0
-18.4122794843625,17.0271233938457,0
-18.447161678726,17.009935257634,0
-18.4819386270194,16.9926634010437,0
-18.5166113724548,16.9753076971646,0
-18.551180959837,16.9578680051313,0
-18.5856484356021,16.9403441700102,0
-18.6200148474776,16.9227360228796,0
-18.6542812443695,16.9050433807958,0
-18.6884486762852,16.887266046742,0
-18.7225181940283,16.8694038096976,0
-18.7564908491706,16.8514564445632,0
-18.7903676937448,16.8334237122359,0
-18.8241497801941,16.815305359549,0
-18.8578381611746,16.7971011192919,0
-18.8914338893511,16.7788107102359,0
-18.9249380172641,16.7604338371225,0
-18.958351597138,16.7419701906865,0
-18.9916756807634,16.7234194476389,0
-19.024911319286,16.7047812707037,0
-19.0580595630425,16.6860553086306,0
-19.0911214613984,16.6672411962082,0
-19.1240980625847,16.6483385542798,0
-19.1569904135648,16.6293469897427,0
-19.1897995597631,16.6102660956309,0
-19.2225265450103,16.5910954510721,0
-19.2551724113511,16.5718346213276,0
-19.2877381987819,16.5524831578757,0
-19.3202249452142,16.5330405983631,0
-19.3526336862345,16.5135064666785,0
-19.384965454959,16.4938802729729,0
-19.4172212818384,16.4741615137103,0
-19.4494021945285,16.4543496716818,0
-19.4815092176748,16.4344442160735,0
-19.5135433727972,16.4144446024748,0
-19.5455056781184,16.3943502729228,0
-19.5773971483272,16.3741606559915,0
-19.6092187944813,16.3538751667933,0
-19.6409716238684,16.3334932070087,0
-19.67265663973,16.3130141650078,0
-19.7042748411302,16.2924374158791,0
-19.7358272229444,16.2717623213824,0
-19.7673147753872,16.2509882302055,0
-19.7987384842377,16.2301144777635,0
-19.8300993302412,16.2091403865463,0
-19.8613982892855,16.1880652659524,0
-19.8926363321313,16.1668884124221,0
-19.9238144241365,16.1456091095787,0
-19.9549335252801,16.124226628168,0
-19.9859945898396,16.1027402262355,0
-20.0169985663274,16.0811491491303,0
-20.0479463972408,16.0594526296378,0
-20.0788390190505,16.0376498879488,0
-20.1096773617989,16.0157401319068,0
-20.1404623492137,15.9937225568903,0
-20.1711948983524,15.9715963460327,0
-20.2018759194074,15.949360670331,0
-20.2325063158285,15.9270146885249,0
-20.2630869838121,15.9045575474396,0
-20.293618812411,15.8819883818772,0
-20.3241026831232,15.8593063148945,0
-20.354539470058,15.8365104576547,0
-20.3849300394748,15.8135999097482,0
-20.4152752497722,15.7905737591804,0
-20.4455759513225,15.7674310824772,0
-20.475832986316,15.7441709447849,0
-20.5060471885631,15.7207924000061,0
-20.5362193833843,15.6972944908697,0
-20.5663503874177,15.6736762490682,0
-20.596441008525,15.6499366953192,0
-20.6264920455937,15.6260748395119,0
-20.656504288385,15.6020896808195,0
-20.6864785174185,15.577980207786,0
-20.7164155037509,15.5537453984993,0
-20.7463160089238,15.5293842206313,0
-20.7761807847491,15.504895631611,0
-20.8060105731695,15.4802785787417,0
-20.8358061061206,15.4555319993162,0
-20.865568105431,15.4306548207058,0
-20.8952972825674,15.4056459605796,0
-20.9249943386128,15.3805043269317,0
-20.9546599640063,15.3552288183126,0
-20.9842948385664,15.3298183238215,0
-21.0138996311154,15.3042717234433,0
-21.0434749995614,15.278587887995,0
-21.0730215906736,15.2527656793385,0
-21.1025400398756,15.2268039505829,0
-21.1320309712289,15.2007015461219,0
-21.1614949972355,15.1744573018327,0
-21.1909327186618,15.1480700452608,0
-21.2203447245669,15.1215385956234,0
-21.249731591887,15.0948617642155,0
-21.2790938856665,15.0680383542343,0
-21.308432158594,15.0410671612375,0
-21.3377469510637,15.0139469731268,0
-21.367038791011,14.9866765703387,0
-21.3963081937647,14.959254726025,0
-21.4255556619639,14.9316802061754,0
-21.4547816853267,14.9039517698827,0
-21.4839867407066,14.8760681693391,0
-21.5131712918076,14.8480281501589,0
-21.5423357891169,14.8198304514987,0
-21.5714806698407,14.7914738061754,0
-21.6006063577268,14.7629569408978,0
-21.6297132629527,14.7342785764375,0
-21.658801782025,14.7054374277928,0
-21.6878722977136,14.6764322043195,0
-21.7169251788012,14.6472616100502,0
-21.7459607801921,14.6179243436569,0
-21.7749794425298,14.5884190989111,0
-21.8039814923485,14.5587445646075,0
-21.8329672418211,14.5288994249002,0
-21.861936988694,14.4988823594523,0
-21.8908910161762,14.4686920436359,0
-21.9198295928475,14.4383271487152,0
-21.9487529725638,14.4077863420363,0
-21.9776613943063,14.3770682872798,0
-22.0065550822351,14.3461716444993,0
-22.035434245388,14.315095070542,0
-22.064299077731,14.2838372190971,0
-22.0931497580341,14.252396740934,0
-22.1219864498049,14.2207722840822,0
-22.1508093010932,14.1889624941562,0
-22.1796184445688,14.1569660143836,0
-22.2084139972757,14.124781485994,0
-22.2371960607042,14.0924075482586,0
-22.265964720629,14.0598428387937,0
-22.2947200469205,14.0270859939018,0
-22.3234620937624,13.9941356484521,0
-22.3521908992909,13.9609904364255,0
-22.3809064856048,13.9276489910393,0
-22.4096088587921,13.894109944856,0
-22.4382980088022,13.8603719300719,0
-22.4669739092789,13.826433578861,0
-22.4956365176243,13.7922935234479,0
-22.5242857749543,13.7579503963127,0
-22.5529216058685,13.7234028306217,0
-22.5815439185268,13.6886494602967,0
-22.6101526047204,13.6536889200877,0
-22.6387475393569,13.6185198463714,0
-22.6673285810419,13.5831408766049,0
-22.6958955714368,13.5475506502933,0
-22.7244483356161,13.5117478087238,0
-22.7529866818421,13.4757309954268,0
-22.781510401541,13.4394988563925,0
-22.8100192692726,13.4030500402976,0
-22.8385130427522,13.3663831986692,0
-22.8669914626531,13.3294969863351,0
-22.8954542526639,13.2923900615531,0
-22.9239011196558,13.255061085993,0
-22.9523317532132,13.2175087255619,0
-22.9807458259417,13.1797316502129,0
-23.009142993397,13.1417285342534,0
-23.0375228940039,13.1034980566744,0
-23.0658851489093,13.0650389015746,0
-23.0942293622702,13.0263497580001,0
-23.1225551209519,12.987429320588,0
-23.150861994674,12.9482762896054,0
-23.1791495358945,12.908889371352,0
-23.2074172799054,12.8692672782739,0
-23.2356647447162,12.8294087293797,0
-23.2638914312054,12.7893124502806,0
-23.2920968228522,12.7489771738347,0
-23.3202803860459,12.7084016399699,0
-23.3484415698655,12.6675845962709,0
-23.3765798061905,12.6265247980946,0
-23.4046945096517,12.5852210089217,0
-23.4327850777115,12.5436720005241,0
-23.4608508905649,12.5018765534019,0
-23.4888913112463,12.4598334569198,0
-23.5169056857524,12.417541509422,0
-23.544893342626,12.3749995191668,0
-23.5728535936203,12.3322063036307,0
-23.6007857331994,12.2891606905835,0
-23.6286890387816,12.2458615180395,0
-23.6565627707866,12.2023076345102,0
-23.6844061725709,12.158497899438,0
-23.7122184705624,12.1144311833237,0
-23.7399988742469,12.0701063680903,0
-23.7677465762462,12.0255223473089,0
-23.7954607522419,11.9806780266775,0
-23.8231405612262,11.9355723239775,0
-23.8507851454094,11.8902041695897,0
-23.8783936302714,11.8445725067849,0
-23.90596512471,11.7986762918593,0
-23.9334987209681,11.7525144946406,0
-23.9609934948089,11.7060860985891,0
-23.9884485055715,11.6593901010998,0
-24.015862796201,11.6124255138573,0
-24.0432353932223,11.5651913632936,0
-24.0705653070875,11.5176866904074,0
-24.0978515318666,11.4699105517262,0
-24.1250930458139,11.4218620187479,0
-24.1522888108761,11.3735401792458,0
-24.1794377733229,11.3249441365976,0
-24.2065388634387,11.2760730107868,0
-24.2335909958231,11.2269259383255,0
-24.2605930694656,11.1775020725834,0
-24.2875439676716,11.1278005844,0
-24.3144425584717,11.0778206618144,0
-24.3412876943553,11.0275615110487,0
-24.3680782127706,10.9770223560721,0
-24.3948129358734,10.9262024395788,0
-24.4214906708196,10.875101022951,0
-24.4481102100026,10.8237173863225,0
-24.4746703308553,10.7720508294909,0
-24.5011697962223,10.7201006717379,0
-24.5276073544036,10.6678662522873,0
-24.5539817393076,10.6153469305601,0
-24.5802916705605,10.5625420865204,0
-24.6065358535623,10.5094511211395,0
-24.6327129798603,10.4560734562219,0
-24.658821727019,10.4024085352607,0
-24.6848607588889,10.3484558234903,0
-24.7108287258725,10.2942148079423,0
-24.7367242647271,10.2396849984804,0
-24.7625459992076,10.1848659270772,0
-24.7882925397805,10.1297571490559,0
-24.813962483967,10.0743582430146,0
-24.8395544166537,10.0186688108098,0
-24.8650669099367,9.96268847856702,0
-24.8904985235875,9.906416896342,0
-24.9158478050927,9.84985373872166,0
-24.9411132897652,9.79299870528056,0
-24.9662935011323,9.73585152042209,0
-24.9913869509523,9.67841193406115,0
-25.0163921393536,9.62067972204721,0
-25.0413075552354,9.56265468598827,0
-25.0661316764132,9.5043366536638,0
-25.090862969499,9.44572548008387,0
-25.1154998906294,9.38682104654974,0
-25.1400408852514,9.32762326195573,0
-25.1644843885012,9.26813206268941,0
-25.1888288254251,9.20834741291429,0
-25.2130726111196,9.14826930506167,0
-25.2372141510747,9.08789775982668,0
-25.2612518412316,9.02723282688583,0
-25.2851840683526,8.96627458484055,0
-25.3090092101779,8.90502314170651,0
-25.3327256356956,8.84347863512357,0
-25.3563317053421,8.78164123275265,0
-25.3798257712328,8.71951113260915,0
-25.4032061775395,8.65708856300931,0
-25.4264712605049,8.59437378349559,0
-25.4496193489749,8.53136708438183,0
-25.4726487643683,8.46806878782975,0
-25.4955578211111,8.40447924767159,0
-25.5183448269065,8.3405988496866,0
-25.5410080829373,8.27642801207551,0
-25.5635458841422,8.21196718574327,0
-25.5859565194969,8.14721685457548,0
-25.6082382723267,8.08217753563358,0
-25.630389420498,8.01684977971123,0
-25.6524082368549,7.95123417118337,0
-25.6742929893872,7.88533132865431,0
-25.6960419414726,7.81914190540604,0
-25.717653352363,7.75266658911564,0
-25.7391254773111,7.68590610267073,0
-25.7604565679541,7.6188612042178,0
-25.7816448726252,7.55153268743455,0
-25.8026886366248,7.48392138194509,0
-25.8235861025102,7.41602815369302,0
-25.8443355105637,7.34785390473965,0
-25.8649350989039,7.27939957424016,0
-25.8853831040051,7.2106661380909,0
-25.9056777608953,7.14165460965136,0
-25.9258173034983,7.07236604000378,0
-25.9457999650987,7.00280151779543,0
-25.9656239785629,6.9329621699288,0
-25.9852875766514,6.86284916196542,0
-26.0047889924804,6.79246369800444,0
-26.0241264598694,6.72180702096816,0
-26.0432982135864,6.65088041328804,0
-26.0623024898169,6.57968519677674,0
-26.0811375264337,6.50822273325857,0
-26.0998015634623,6.43649442447196,0
-26.1182928434535,6.36450171232813,0
-26.1366096117302,6.29224607968569,0
-26.1547501168999,6.21972905009708,0
-26.1727126111771,6.14695218831667,0
-26.1904953508169,6.07391710037511,0
-26.2080965964045,6.00062543425996,0
-26.2255146134261,5.92707887944905,0
-26.2427476724153,5.85327916823008,0
-26.2597940497189,5.77922807440854,0
-26.2766520274697,5.70492741543547,0
-26.2933198943307,5.6303790512159,0
-26.3097959457905,5.55558488487397,0
-26.3260784845617,5.48054686310039,0
-26.342165821083,5.40526697602986,0
-26.3580562737502,5.32974725840744,0
-26.3737481697198,5.25398978806088,0
-26.3892398448498,5.17799668850752,0
-26.4045296446455,5.1017701267279,0
-26.4196159242885,5.02531231543314,0
-26.4344970492818,4.94862551232278,0
-26.4491713959232,4.87171202018161,0
-26.4636373516702,4.79457418756976,0
-26.477893315604,4.71721440903121,0
-26.4919376989781,4.6396351248443,0
-26.5057689255582,4.56183882193656,0
-26.5193854322191,4.48382803339791,0
-26.5327856692991,4.40560533937284,0
-26.5459681011854,4.32717336665637,0
-26.558931206724,4.24853478932211,0
-26.5716734797058,4.16969232893703,0
-26.5841934294028,4.09064875447864,0
-26.5964895809853,4.01140688302627,0
-26.6085604761735,3.9319695789561,0
-26.620404673484,3.8523397558171,0
-26.6320207490073,3.77252037471373,0
-26.6434072966949,3.6925144460067,0
-26.6545629290481,3.61232502827898,0
-26.6654862774917,3.53195522953864,0
-26.6761759929609,3.45140820693986,0
-26.6866307464552,3.37068716673301,0
-26.6968492295315,3.28979536469612,0
-26.7068301547526,3.20873610700367,0
-26.7165722564013,3.12751274896319,0
-26.7260742908648,3.04612869645198,0
-26.7353350372784,2.96458740524828,0
-26.744353297969,2.88289238211176,0
-26.7531278991493,2.80104718365704,0
-26.7616576913103,2.71905541801249,0
-26.7699415499035,2.63692074383016,0
-26.7779783758552,2.55464687089373,0
-26.7857670961248,2.47223756036322,0
-26.7933066643155,2.38969662449301,0
-26.8005960611857,2.30702792746402,0
-26.8076342952582,2.22423538520255,0
-26.8144204034552,2.14132296487028,0
-26.8209534515899,2.05829468611826,0
-26.8272325350042,1.97515462065954,0
-26.8332567791569,1.89190689245119,0
-26.8390253402444,1.80855567747507,0
-26.8445374057389,1.72510520476066,0
-26.8497921950607,1.64155975550765,0
-26.8547889601369,1.55792366395663,0
-26.8595269860531,1.47420131684622,0
-26.8640055916181,1.39039715442053,0
-26.8682241300383,1.30651566953443,0
-26.8721819895076,1.2225614083636,0
-26.8758785938368,1.13853897047743,0
-26.879313403095,1.05445300869082,0
-26.8824859142444,0.970308229092293,0
-26.8853956617447,0.886109392062967,0
-26.888042218254,0.801861310685834,0
-26.8904251952204,0.717568852371083,0
-26.8925442435541,0.633236938269686,0
-26.8943990542797,0.548870543315677,0
-26.8959893591921,0.464474696191508,0
-26.8973149315079,0.380054479868052,0
-26.8983755865309,0.295615031651355,0
-26.8991711823301,0.211161542392097,0
-26.8997016203984,0.126699257174493,0
-26.8999668466235,0.0422332871881228,0
-26.8999668469186,-0.0422330992081671,0
-26.8997016327553,-0.126696633663385,0
-26.8991712556305,-0.211152205020785,0
-26.8983758114342,-0.295594568263516,0
-26.8973154394796,-0.380018532643368,0
-26.8959903218417,-0.464418960991134,0
-26.8944006826806,-0.548790770506781,0
-26.8925467875737,-0.633128932712009,0
-26.8904289428652,-0.717428472909762,0
-26.8880474950084,-0.801684470218245,0
-26.8854028299135,-0.885892057528198,0
-26.8824953722747,-0.970046422088613,0
-26.879325584978,-1.05414280388096,0
-26.8758939683996,-1.1381764972092,0
-26.8722010598013,-1.22214284968036,0
-26.8682474326951,-1.30603726217581,0
-26.8640336962008,-1.38985518899892,0
-26.8595604944165,-1.47359213780138,0
-26.8548285058284,-1.55724366887284,0
-26.8498384426353,-1.64080539603491,0
-26.8445910501838,-1.72427298563318,0
-26.839087106316,-1.80764215707932,0
-26.8333274208102,-1.89090868198002,0
-26.8273128347085,-1.97406838501378,0
-26.8210442197778,-2.0571171429073,0
-26.814522477889,-2.14005088465429,0
-26.8077485404278,-2.2228655913328,0
-26.800723367657,-2.30555729653199,0
-26.7934479482246,-2.38812208509753,0
-26.7859232985279,-2.47055609364103,0
-26.7781504621045,-2.55285551072049,0
-26.77013050912,-2.63501657600771,0
-26.7618645357571,-2.71703558056946,0
-26.753353663657,-2.79890886662233,0
-26.7445990394048,-2.880632826924,0
-26.7356018338467,-2.96220390576292,0
-26.7263632416974,-3.04361859729868,0
-26.7168844808454,-3.12487344668807,0
-26.7071667919093,-3.2059650490038,0
-26.6972114375936,-3.28689004990292,0
-26.6870197023045,-3.36764514418931,0
-26.6765928914345,-3.44822707707659,0
-26.6659323309147,-3.52863264331865,0
-26.6550393667211,-3.60885868677762,0
-26.64391536432,-3.68890210047314,0
-26.632561708081,-3.76875982686078,0
-26.6209798009036,-3.84842885662857,0
-26.6091710635275,-3.92790622973033,0
-26.5971369342456,-4.00718903368444,0
-26.584878868126,-4.08627440519038,0
-26.5723983367659,-4.16515952825228,0
-26.5596968276389,-4.24384163498327,0
-26.5467758436783,-4.32231800491348,0
-26.5336369027405,-4.4005859650725,0
-26.5202815371187,-4.47864288977376,0
-26.5067112931327,-4.55648619998602,0
-26.4929277305435,-4.63411336373665,0
-26.478932422199,-4.71152189521912,0
-26.4647269534362,-4.78870935527889,0
-26.450312921742,-4.86567335049827,0
-26.4356919362038,-4.94241153344495,0
-26.420865617046,-5.01892160246336,0
-26.4058355952644,-5.09520130098365,0
-26.3906035121531,-5.17124841742432,0
-26.3751710186591,-5.24706078593378,0
-26.3595397753531,-5.32263628412259,0
-26.3437114514843,-5.39797283528907,0
-26.3276877250385,-5.47306840581173,0
-26.311470281935,-5.54792100667664,0
-26.2950608157959,-5.62252869231008,0
-26.278461027443,-5.69688956070112,0
-26.2616726245005,-5.77100175305295,0
-26.2446973210983,-5.84486345301765,0
-26.2275368371291,-5.91847288788683,0
-26.2101928982743,-5.99182832646367,0
-26.1926672352395,-6.0649280803542,0
-26.1749615836066,-6.13777050264712,0
-26.1570776832645,-6.2103539883798,0
-26.1390172781183,-6.28267697385751,0
-26.1207821156565,-6.35473793657811,0
-26.1023739466283,-6.42653539472342,0
-26.0837945245311,-6.49806790741246,0
-26.0650456053639,-6.56933407392592,0
-26.0461289472549,-6.64033253344761,0
-26.0270463099956,-6.71106196516063,0
-26.0077994547718,-6.781521087617,0
-25.9883901436938,-6.85170865886465,0
-25.9688201395521,-6.92162347576131,0
-25.9490912054695,-6.99126437368822,0
-25.9292051044394,-7.06063022667082,0
-25.9091635990141,-7.12971994697487,0
-25.8889684510836,-7.19853248441508,0
-25.8686214214104,-7.26706682651338,0
-25.8481242692882,-7.3353219982375,0
-25.8274787523434,-7.40329706127956,0
-25.8066866260164,-7.47099111440734,0
-25.7857496434499,-7.53840329248882,0
-25.7646695550213,-7.6055327666921,0
-25.7434481080528,-7.67237874411291,0
-25.7220870465409,-7.73894046735796,0
-25.7005881108444,-7.8052172142734,0
-25.6789530373015,-7.87120829789461,0
-25.6571835581027,-7.93691306563113,0
-25.6352814008055,-8.00233089954865,0
-25.6132482880918,-8.06746121591964,0
-25.5910859375997,-8.13230346457621,0
-25.5687960614884,-8.19685712905872,0
-25.5463803662455,-8.26112172606048,0
-25.5238405523758,-8.32509680523085,0
-25.5011783141192,-8.38878194890004,0
-25.4783953391758,-8.45217677179392,0
-25.4554933085026,-8.51528092056065,0
-25.4324738960451,-8.57809407349266,0
-25.4093387683017,-8.6406159407047,0
-25.3860895843552,-8.70284626305619,0
-25.3627279953407,-8.76478481260546,0
-25.3392556444311,-8.82643139168416,0
-25.3156741664598,-8.88778583295105,0
-25.2919851876906,-8.94884799905767,0
-25.2681903256178,-9.00961778225055,0
-25.2442911886955,-9.07009510416195,0
-25.2202893761822,-9.1302799153189,0
-25.1961864777703,-9.19017219520109,0
-25.1719840735294,-9.24977195152067,0
-25.1476837335625,-9.30907922022766,0
-25.1232870178671,-9.36809406501639,0
-25.098795476114,-9.42681657704365,0
-25.0742106472685,-9.48524687502762,0
-25.0495340598059,-9.54338510394491,0
-25.0247672309829,-9.60123143597091,0
-24.9999116669581,-9.65878606941879,0
-24.9749688626463,-9.71604922832853,0
-24.9499403013188,-9.77302116263978,0
-24.9248274544644,-9.82970214777073,0
-24.8996317817729,-9.88609248393319,0
-24.8743547307475,-9.94219249629378,0
-24.848997736594,-9.99800253451374,0
-24.8235622221811,-10.0535229721507,0
-24.7980495975757,-10.1087542069945,0
-24.7724612601979,-10.163696660059,0
-24.7467985945116,-10.2183507755963,0
-24.7210629716816,-10.2727170211724,0
-24.6952557498597,-10.3267958864263,0
-24.6693782735426,-10.3805878837907,0
-24.6434318737685,-10.4340935474605,0
-24.6174178678533,-10.4873134333325,0
-24.5913375591203,-10.5402481189553,0
-24.5651922370321,-10.5928982026718,0
-24.5389831768163,-10.6452643037948,0
-24.5127116394106,-10.6973470621415,0
-24.4863788713535,-10.7491471376868,0
-24.4599861046326,-10.8006652103088,0
-24.4335345566395,-10.8519019793311,0
-24.4070254297992,-10.9028581637013,0
-24.3804599117687,-10.9535345010784,0
-24.3538391751993,-11.00393174777,0
-24.3271643774451,-11.0540506787675,0
-24.3004366608133,-11.1038920867711,0
-24.273657152067,-11.1534567826212,0
-24.2468269626894,-11.2027455943183,0
-24.2199471884773,-11.2517593672903,0
-24.1930189096129,-11.3004989637841,0
-24.166043190592,-11.3489652625311,0
-24.1390210799225,-11.3971591588285,0
-24.1119536104334,-11.4450815635359,0
-24.0848417986452,-11.4927334037456,0
-24.0576866452606,-11.5401156214802,0
-24.0304891346009,-11.5872291742468,0
-24.0032502349133,-11.6340750340781,0
-23.9759708980266,-11.6806541877105,0
-23.9486520593743,-11.7269676361296,0
-23.9212946379688,-11.7730163942106,0
-23.893899536343,-11.8188014904199,0
-23.8664676403784,-11.8643239667107,0
-23.8389998193749,-11.9095848780212,0
-23.8114969259067,-11.9545852921337,0
-23.7839597957681,-11.9993262893882,0
-23.756389248069,-12.0438089621633,0
-23.7287860849823,-12.0880344149221,0
-23.7011510918212,-12.1320037637326,0
-23.6734850369633,-12.1757181360395,0
-23.6457886718619,-12.2191786703037,0
-23.6180627309142,-12.2623865158713,0
-23.5903079315233,-12.3053428325449,0
-23.5625249740553,-12.348048790324,0
-23.5347145415934,-12.3905055694601,0
-23.5068773004397,-12.4327143593764,0
-23.4790138994499,-12.4746763593681,0
-23.4511249704504,-12.5163927776654,0
-23.423211128117,-12.5578648313181,0
-23.3952729698675,-12.5990937460595,0
-23.3673110759605,-12.6400807558712,0
-23.3393260094163,-12.6808271028147,0
-23.3113183160678,-12.7213340366772,0
-23.2832885244476,-12.7616028148605,0
-23.2552371460116,-12.8016347017896,0
-23.2271646748263,-12.8414309690958,0
-23.1990715878423,-12.8809928949651,0
-23.1709583447391,-12.9203217641038,0
-23.1428253880453,-12.9594188673186,0
-23.1146731430405,-12.9982855014065,0
-23.086502017873,-13.0369229687502,0
-23.0583124034159,-13.0753325772773,0
-23.0301046735657,-13.1135156398209,0
-23.0018791849592,-13.1514734742752,0
-22.9736362771155,-13.1892074031779,0
-22.9453762725231,-13.2267187533732,0
-22.9170994767073,-13.2640088557096,0
-22.8888061779257,-13.3010790452271,0
-22.860496647634,-13.3379306603376,0
-22.8321711403242,-13.3745650428353,0
-22.8038298934635,-13.4109835377744,0
-22.7754731276958,-13.447187493013,0
-22.7471010468154,-13.4831782590569,0
-22.7187138378036,-13.5189571888239,0
-22.6903116708483,-13.5545256374345,0
-22.6618946995733,-13.5898849617463,0
-22.633463060678,-13.6250365206236,0
-22.6050168745819,-13.6599816739688,0
-22.5765562448448,-13.6947217832657,0
-22.5480812586788,-13.7292582107862,0
-22.5195919868818,-13.7635923195125,0
-22.4910884837557,-13.797725473075,0
-22.4625707873435,-13.8316590353133,0
-22.4340389194691,-13.865394370078,0
-22.4054928856774,-13.8989328411534,0
-22.3769326753986,-13.9322758119183,0
-22.3483582620773,-13.9654246450549,0
-22.3197696031488,-13.998380702439,0
-22.2911666400276,-14.0311453450165,0
-22.2625492984667,-14.0637199322612,0
-22.2339174883426,-14.096105822292,0
-22.2052711038456,-14.1283043715303,0
-22.1766100236388,-14.1603169344006,0
-22.1479341107906,-14.1921448632868,0
-22.1192432130146,-14.22378950815,0
-22.0905371625998,-14.2552522164924,0
-22.0618157766005,-14.2865343330391,0
-22.0330788569071,-14.3176371995538,0
-22.0043261903672,-14.3485621546053,0
-21.9755575487366,-14.3793105335172,0
-21.9467726889841,-14.409883667945,0
-21.9179713532331,-14.4402828858425,0
-21.8891532689186,-14.4705095112042,0
-21.8603181488737,-14.5005648638838,0
-21.8314656914322,-14.5304502594012,0
-21.8025955805319,-14.5601670087509,0
-21.7737074857859,-14.5897164182463,0
-21.7448010627273,-14.6190997891922,0
-21.7158759526676,-14.6483184179513,0
-21.6869317830722,-14.6773735954921,0
-21.6579681674572,-14.7062666074207,0
-21.6289847056329,-14.7349987336699,0
-21.5999809837791,-14.7635712483585,0
-21.5709565745398,-14.7919854196354,0
-21.5419110371369,-14.8202425095061,0
-21.5128439175509,-14.8483437735994,0
-21.4837547485777,-14.8762904610568,0
-21.4546430499067,-14.9040838144031,0
-21.4255083283974,-14.931725069231,0
-21.3963500780298,-14.9592154542008,0
-21.3671677801298,-14.9865561907799,0
-21.3379609034558,-15.0137484931177,0
-21.3087289043494,-15.0407935678644,0
-21.2794712268969,-15.0676926139814,0
-21.2501873028672,-15.0944468227609,0
-21.2208765521772,-15.1210573773658,0
-21.1915383826642,-15.1475254530034,0
-21.1621721904994,-15.1738522165215,0
-21.1327773601566,-15.200038826408,0
-21.1033532645927,-15.2260864326039,0
-21.0738992654464,-15.2519961763023,0
-21.0444147130508,-15.2777691899166,0
-21.014898946645,-15.3034065968733,0
-20.9853512945935,-15.328909511405,0
-20.9557710743112,-15.3542790385986,0
-20.9261575926287,-15.3795162740676,0
-20.8965101457892,-15.4046223039431,0
-20.8668280196834,-15.4295982046646,0
-20.8371104898906,-15.4544450429373,0
-20.8073568219267,-15.4791638755183,0
-20.7775662713425,-15.5037557491312,0
-20.7477380838707,-15.5282217003421,0
-20.717871495553,-15.5525627554543,0
-20.6879657329658,-15.5767799303268,0
-20.6580200132638,-15.6008742303411,0
-20.6280335444133,-15.6248466502196,0
-20.5980055252935,-15.6486981739501,0
-20.5679351458594,-15.6724297746658,0
-20.5378215873356,-15.6960424145027,0
-20.5076640223112,-15.7195370445374,0
-20.4774616149332,-15.7429146046497,0
-20.4472135210126,-15.7661760234572,0
-20.4169188882341,-15.7893222181694,0
-20.3865768562933,-15.8123540945038,0
-20.3561865570814,-15.8352725465656,0
-20.3257471146844,-15.8580784568698,0
-20.2952576458483,-15.8807726960175,0
-20.2647172598133,-15.903356122845,0
-20.2341250587247,-15.9258295841466,0
-20.2034801375234,-15.9481939147832,0
-20.1727815844569,-15.9704499373407,0
-20.1420284809569,-15.9925984622506,0
-20.1112199018346,-16.0146402876818,0
-20.0803549156362,-16.0365761993219,0
-20.0494325845294,-16.0584069704944,0
-20.0184519647053,-16.0801333619121,0
-19.9874121063903,-16.101756121709,0
-19.9563120540959,-16.1232759853069,0
-19.9251508466826,-16.1446936754135,0
-19.8939275176828,-16.166009901844,0
-19.8626410952769,-16.1872253615834,0
-19.8312906025689,-16.2083407386448,0
-19.7998750578567,-16.2293567039371,0
-19.7683934744552,-16.2502739154316,0
-19.7368448612955,-16.271093017815,0
-19.7052282226992,-16.2918146426904,0
-19.6735425588504,-16.3124394083209,0
-19.6417868658082,-16.332967919678,0
-19.6099601356366,-16.3534007684118,0
-19.5780613566817,-16.3737385327314,0
-19.5460895137106,-16.393981777375,0
-19.5140435880083,-16.4141310536086,0
-19.481922557615,-16.4341868991378,0
-19.4497253974973,-16.4541498380636,0
-19.4174510796638,-16.4740203808747,0
-19.3850985733808,-16.4937990243797,0
-19.3526668452993,-16.5134862516951,0
-19.3201548596626,-16.5330825321878,0
-19.2875615784218,-16.5525883214727,0
-19.2548859615161,-16.572004061316,0
-19.2221269668728,-16.591330179706,0
-19.1892835507084,-16.610567090747,0
-19.1563546676648,-16.6297151946536,0
-19.1233392709263,-16.6487748777564,0
-19.090236312456,-16.6677465124416,0
-19.0570447431278,-16.686630457152,0
-19.0237635128974,-16.7054270563672,0
-18.9903915709726,-16.7241366405869,0
-18.9569278659693,-16.7427595263226,0
-18.9233713461121,-16.7612960160676,0
-18.8897209593728,-16.7797463983027,0
-18.8559756536393,-16.7981109474865,0
-18.8221343768821,-16.8163899240488,0
-18.7881960773164,-16.8345835743887,0
-18.7541597036338,-16.8526921308364,0
-18.7200242050262,-16.870715811728,0
-18.6857885315288,-16.8886548213122,0
-18.6514516340037,-16.9065093498489,0
-18.6170124644805,-16.9242795735215,0
-18.5824699762067,-16.941965654503,0
-18.5478231237963,-16.9595677409714,0
-18.5130708635247,-16.977085967053,0
-18.4782121533263,-16.9945204529184,0
-18.4432459531085,-17.0118713047196,0
-18.4081712248383,-17.0291386146437,0
-18.3729869326704,-17.0463224609463,0
-18.3376920431759,-17.0634229079374,0
-18.3022855255258,-17.0804400059915,0
-18.2667663515315,-17.0973737916276,0
-18.2311334959651,-17.1142242874566,0
-18.1953859365765,-17.1309915022752,0
-18.1595226543494,-17.147675431047,0
-18.1235426336371,-17.1642760549432,0
-18.0874448622753,-17.180793341394,0
-18.0512283318153,-17.1972272440864,0
-18.0148920376333,-17.2135777030204,0
-17.978434979086,-17.2298446445452,0
-17.9418561597107,-17.2460279813769,0
-17.9051545873645,-17.2621276126452,0
-17.8683292743125,-17.278143423963,0
-17.8313792374992,-17.2940752874182,0
-17.7943034986063,-17.3099230616587,0
-17.7571010842909,-17.3256865919019,0
-17.7197710262347,-17.3413657100256,0
-17.6823123614122,-17.3569602345678,0
-17.6447241321524,-17.3724699708143,0
-17.607005386341,-17.3878947108295,0
-17.5691551775408,-17.4032342335216,0
-17.531172565196,-17.4184883046756,0
-17.4930566146676,-17.4336566770547,0
-17.4548063975512,-17.4487390903915,0
-17.4164209916425,-17.4637352715185,0
-17.3778994812513,-17.4786449343641,0
-17.3392409571917,-17.4934677800751,0
-17.3004445170704,-17.5082034970258,0
-17.2615092653369,-17.5228517609194,0
-17.2224343134642,-17.5374122348409,0
-17.1832187800795,-17.5518845693297,0
-17.1438617910992,-17.5662684024521,0
-17.1043624799449,-17.5805633598457,0
-17.0647199875313,-17.5947690548467,0
-17.0249334625843,-17.6088850885003,0
-16.9850020616354,-17.6229110496875,0
-16.9449249492259,-17.6368465151782,0
-16.9047012980639,-17.6506910497031,0
-16.8643302891222,-17.6644442060465,0
-16.8238111117508,-17.6781055251348,0
-16.783142963901,-17.6916745360887,0
-16.7423250521437,-17.7051507563455,0
-16.7013565919188,-17.7185336917057,0
-16.6602368075501,-17.7318228364571,0
-16.6189649324907,-17.7450176734258,0
-16.5775402093382,-17.758117674102,0
-16.5359618900539,-17.7711222987007,0
-16.4942292360854,-17.7840309962564,0
-16.4523415184093,-17.796843204741,0
-16.4102980177232,-17.8095583511378,0
-16.3680980245906,-17.8221758515309,0
-16.3257408395132,-17.8346951112172,0
-16.2832257730592,-17.8471155248029,0
-16.2405521460137,-17.8594364762935,0
-16.1977192894861,-17.8716573391985,0
-16.1547265450223,-17.8837774766346,0
-16.111573264717,-17.8957962414305,0
-16.0682588113393,-17.9077129762279,0
-16.0247825584593,-17.9195270135843,0
-15.9811438905582,-17.9312376760799,0
-15.9373422030992,-17.9428442764368,0
-15.8933769027205,-17.9543461176063,0
-15.8492474072587,-17.9657424929012,0
-15.8049531459431,-17.977032686085,0
-15.7604935594323,-17.9882159715026,0
-15.7158680999589,-17.9992916141831,0
-15.6710762314201,-18.0102588699585,0
-15.6261174295163,-18.0211169855704,0
-15.5809911818003,-18.0318651987992,0
-15.535696987831,-18.0425027385694,0
-15.4902343592424,-18.0530288250755,0
-15.4446028198394,-18.0634426699019,0
-15.3988019057452,-18.0737434761326,0
-15.3528311654399,-18.0839304384852,0
-15.3066901598822,-18.0940027434278,0
-15.2603784626181,-18.103959569299,0
-15.2138956598241,-18.1138000864431,0
-15.1672413505031,-18.123523457313,0
-15.1204151464459,-18.1331288366234,0
-15.0734166723864,-18.1426153714642,0
-15.0262455661354,-18.1519822014188,0
-14.9789014785767,-18.1612284587117,0
-14.9313840738005,-18.1703532683277,0
-14.8836930291897,-18.1793557481425,0
-14.8358280355018,-18.1882350090541,0
-14.7877887969382,-18.196990155117,0
-14.7395750312258,-18.2056202836751,0
-14.6911864697033,-18.2141244854935,0
-14.6426228574182,-18.2225018448905,0
-14.5938839531445,-18.2307514398819,0
-14.5449695295264,-18.238872342306,0
-14.4958793731068,-18.2468636179676,0
-14.4466132844128,-18.254724326773,0
-14.3971710780196,-18.2624535228697,0
-14.3475525826664,-18.2700502547777,0
-14.2977576412191,-18.2775135655456,0
-14.2477861108667,-18.2848424928705,0
-14.197637863076,-18.2920360692561,0
-14.1473127837346,-18.2990933221421,0
-14.0968107731365,-18.3060132740576,0
-14.0461317461541,-18.3127949427483,0
-13.9952756321498,-18.31943734134,0
-13.9442423751711,-18.3259394784645,0
-13.893031933946,-18.332300358412,0
-13.8416442818979,-18.3385189812814,0
-13.7900794073015,-18.3445943431133,0
-13.738337313214,-18.3505254360506,0
-13.6864180176421,-18.356311248472,0
-13.6343215535256,-18.3619507651466,0
-13.582047968745,-18.3674429673858,0
-13.5295973262955,-18.3727868331783,0
-13.4769697041918,-18.3779813373528,0
-13.4241651956157,-18.3830254517174,0
-13.3711839088864,-18.3879181452153,0
-13.3180259675572,-18.3926583840701,0
-13.2646915103903,-18.3972451319419,0
-13.2111806914842,-18.40167735007,0
-13.1574936801844,-18.4059539974349,0
-13.1036306612672,-18.4100740308976,0
-13.0495918348327,-18.4140364053626,0
-12.9953774164152,-18.4178400739239,0
-12.9409876370243,-18.4214839880171,0
-12.8864227430894,-18.4249670975777,0
-12.8316829965729,-18.4282883511889,0
-12.7767686749764,-18.431446696236,0
-12.7216800712962,-18.4344410790644,0
-12.6664174941705,-18.4372704451264,0
-12.6109812677496,-18.4399337391433,0
-12.5553717318524,-18.4424299052529,0
-12.4995892419195,-18.4447578871678,0
-12.4436341689838,-18.4469166283312,0
-12.3875068997896,-18.4489050720684,0
-12.3312078367308,-18.4507221617447,0
-12.2747373978598,-18.4523668409202,0
-12.2180960169707,-18.4538380535037,0
-12.1612841434923,-18.4551347439112,0
-12.1043022425909,-18.4562558572189,0
-12.0471507951611,-18.4572003393198,0
-11.9898302977472,-18.4579671370807,0
-11.9323412626824,-18.4585551984961,0
-11.8746842179605,-18.4589634728456,0
-11.8168597072992,-18.4591909108495,0
-11.7588682901416,-18.4592364648247,0
-11.70071054163,-18.4590990888406,0
-11.6423870525733,-18.4587777388751,0
-11.5838984295479,-18.4582713729711,0
-11.5252452947163,-18.4575789513914,0
-11.4664282860002,-18.4566994367756,0
-11.4074480569277,-18.455631794295,0
-11.3483052766811,-18.4543749918088,0
-11.2890006300975,-18.4529280000197,0
-11.2295348176014,-18.4512897926291,0
-11.1699085552274,-18.4494593464925,0
-11.1101225745833,-18.4474356417751,0
-11.0501776228089,-18.4452176621053,0
-10.9900744626335,-18.4428043947334,0
-10.9298138722195,-18.4401948306803,0
-10.8693966452589,-18.4373879648975,0
-10.8088235908857,-18.4343827964188,0
-10.7480955336538,-18.4311783285142,0
-10.6872133135035,-18.4277735688441,0
-10.6261777857497,-18.4241675296134,0
-10.5649898210146,-18.4203592277227,0
-10.5036503052469,-18.4163476849255,0
-10.4421601396062,-18.4121319279745,0
-10.380520240498,-18.4077109887799,0
-10.3187315394967,-18.4030839045579,0
-10.2567949833074,-18.3982497179835,0
-10.194711533729,-18.3932074773412,0
-10.1324821676144,-18.3879562366769,0
-10.0701078768013,-18.3824950559465,0
-10.0075896681058,-18.376823001169,0
-9.94492856322828,-18.3709391445726,0
-9.88212559873756,-18.3648425647471,0
-9.81918182598396,-18.3585323467888,0
-9.75609831109565,-18.3520075824544,0
-9.69287613488119,-18.3452673703041,0
-9.62951639276884,-18.3383108158487,0
-9.56602019480892,-18.3311370317025,0
-9.50238866552517,-18.3237451377205,0
-9.43862294393236,-18.3161342611521,0
-9.37472418343329,-18.3083035367824,0
-9.3106935517583,-18.300252107077,0
-9.24653223091605,-18.2919791223276,0
-9.18224141710091,-18.2834837407931,0
-9.11782232065514,-18.2747651288454,0
-9.0532761659855,-18.2658224611107,0
-8.9886041914678,-18.2566549206073,0
-8.92380764942377,-18.2472616988934,0
-8.85888780600964,-18.2376419962025,0
-8.79384594114456,-18.2277950215832,0
-8.72868334846652,-18.2177199930431,0
-8.66340133518892,-18.2074161376773,0
-8.59800122209272,-18.1968826918167,0
-8.53248434341181,-18.1861189011598,0
-8.46685204671916,-18.1751240209036,0
-8.40110569292879,-18.1638973158927,0
-8.33524665610123,-18.152438060736,0
-8.26927632345313,-18.1407455399562,0
-8.20319609522853,-18.1288190481166,0
-8.13700738457139,-18.1166578899452,0
-8.07071161751482,-18.1042613804815,0
-8.00431023284217,-18.0916288451976,0
-7.9378046819685,-18.0787596201236,0
-7.871196428922,-18.0656530519905,0
-7.80448695016009,-18.0523084983411,0
-7.73767773454458,-18.0387253276713,0
-7.67077028320087,-18.0249029195477,0
-7.60376610942104,-18.0108406647334,0
-7.5366667385958,-17.9965379653188,0
-7.4694737080628,-17.9819942348351,0
-7.40218856702514,-17.9672088983807,0
-7.33481287648453,-17.9521813927514,0
-7.26734820905624,-17.936911166543,0
-7.19979614891411,-17.9213976802828,0
-7.13215829169395,-17.9056404065504,0
-7.06443624432336,-17.8896388300814,0
-6.99663162497987,-17.8733924479,0
-6.92874606293307,-17.8569007694233,0
-6.86078119841848,-17.8401633165727,0
-6.79273868259292,-17.8231796239039,0
-6.72462017733651,-17.8059492386993,0
-6.65642735517486,-17.7884717210882,0
-6.5881618991778,-17.7707466441614,0
-6.51982550278045,-17.7527735940647,0
-6.45141986973395,-17.7345521701249,0
-6.38294671393211,-17.7160819849431,0
-6.31440775928753,-17.6973626644995,0
-6.24580473965877,-17.6783938482713,0
-6.17713939866499,-17.6591751893199,0
-6.10841348957955,-17.6397063543974,0
-6.03962877522433,-17.619987024054,0
-5.97078702779509,-17.6000168927238,0
-5.90189002879219,-17.5797956688407,0
-5.83293956882939,-17.5593230749176,0
-5.76393744752222,-17.5385988476479,0
-5.69488547338556,-17.517622738009,0
-5.62578546365076,-17.4963945113408,0
-5.55663924416034,-17.4749139474468,0
-5.48744864922286,-17.453180840681,0
-5.41821552146714,-17.4311950000356,0
-5.34894171173249,-17.4089562492367,0
-5.27962907888754,-17.3864644268183,0
-5.21027948971782,-17.3637193862159,0
-5.14089481878683,-17.3407209958516,0
-5.07147694826424,-17.3174691392061,0
-5.00202776782066,-17.2939637149131,0
-4.93254917445681,-17.2702046368297,0
-4.86304307235437,-17.246191834113,0
-4.79351137276872,-17.221925251311,0
-4.72395599382539,-17.1974048484177,0
-4.65437886041809,-17.1726306009636,0
-4.58478190403023,-17.1476025000778,0
-4.51516706260696,-17.1223205525664,0
-4.44553628039128,-17.0967847809778,0
-4.37589150776579,-17.0709952236684,0
-4.30623470113414,-17.0449519348811,0
-4.23656782270769,-17.0186549847889,0
-4.16689284041779,-16.9921044595829,0
-4.09721172771635,-16.9653004615176,0
-4.02752646343392,-16.938243108977,0
-3.95783903163586,-16.9109325365383,0
-3.88815142142425,-16.8833688950137,0
-3.81846562683592,-16.855552351528,0
-3.74878364665286,-16.8274830895616,0
-3.67910748422298,-16.7991613089944,0
-3.60943914734594,-16.7705872261765,0
-3.53978064808171,-16.7417610739648,0
-3.47013400258973,-16.7126831017718,0
-3.40050123099032,-16.683353575622,0
-3.33088435715635,-16.6537727781771,0
-3.26128540860332,-16.6239410088025,0
-3.19170641629832,-16.5938585835975,0
-3.12214941446827,-16.5635258354233,0
-3.05261644050711,-16.532943113973,0
-2.98310953472225,-16.5021107857701,0
-2.91363074023857,-16.4710292342344,0
-2.84418210280246,-16.439698859703,0
-2.77476567059391,-16.4081200794524,0
-2.70538349410462,-16.3762933277494,0
-2.63603762593822,-16.3442190558658,0
-2.56673012063002,-16.3118977320996,0
-2.49746303452435,-16.2793298418213,0
-2.42823842554164,-16.2465158874686,0
-2.35905835306552,-16.2134563885943,0
-2.28992487774388,-16.1801518818731,0
-2.22084006129563,-16.1466029211094,0
-2.1518059663995,-16.1128100772823,0
-2.08282465645872,-16.07877393853,0
-2.01389819545535,-16.0444951101754,0
-1.94502864779597,-16.0099742147465,0
-1.87621807810173,-15.9752118919674,0
-1.80746855104655,-15.9402087987717,0
-1.73878213121011,-15.9049656093218,0
-1.67016088285146,-15.8694830149863,0
-1.60160686979143,-15.8337617243712,0
-1.53312215519265,-15.7978024632972,0
-1.46470880139453,-15.761605974803,0
-1.39636886976966,-15.7251730191589,0
-1.32810442049637,-15.6885043738341,0
-1.25991751242254,-15.6516008335111,0
-1.19181020287084,-15.6144632100665,0
-1.12378454746155,-15.5770923325599,0
-1.05584259995631,-15.5394890472324,0
-0.987986412051649,-15.5016542174758,0
-0.920218033213933,-15.4635887238227,0
-0.852539510522559,-15.4252934639397,0
-0.784952888456337,-15.3867693525868,0
-0.717460208742199,-15.3480173216101,0
-0.650063510172646,-15.3090383199149,0
-0.582764828413816,-15.2698333134317,0
-0.515566195861989,-15.2304032851082,0
-0.448469641423502,-15.1907492348548,0
-0.381477190359798,-15.1508721795268,0
-0.314590864125388,-15.1107731528996,0
-0.247812680151728,-15.0704532056111,0
-0.181144651703729,-15.0299134051443,0
-0.114588787685937,-14.9891548357787,0
-0.0481470924609697,-14.9481785985467,0
0.0181784343007179,-14.9069858112069,0
0.0843857978366547,-14.8655776081758,0
0.150473008440478,-14.8239551404987,0
0.216438081650758,-14.7821195757935,0
0.282279038423361,-14.7400720982031,0
0.347993905310921,-14.6978139083404,0
0.413580714636973,-14.6553462232357,0
0.479037504682187,-14.6126702762736,0
0.544362319830762,-14.5697873171535,0
0.609553210788349,-14.5266986118018,0
0.674608234723477,-14.4834054423319,0
0.739525455459139,-14.4399091069691,0
0.804302943641901,-14.396210919988,0
0.868938776917805,-14.3523122116434,0
0.933431040109872,-14.3082143280981,0
0.997777825378351,-14.2639186313598,0
1.06197723242271,-14.2194264991875,0
1.12602736861889,-14.1747393250402,0
1.18992634921835,-14.1298585179807,0
1.25367229751072,-14.084785502602,0
1.31726334499016,-14.0395217189494,0
1.38069763154703,-13.9940686224223,0
1.4439733056106,-13.9484276837079,0
1.50708852433458,-13.902600388683,0
1.57004145377895,-13.8565882383154,0
1.63283026905229,-13.8103927485911,0
1.69545315449864,-13.7640154504083,0
1.75790830386549,-13.717457889481,0
1.82019392045804,-13.6707216262516,0
1.88230821733081,-13.6238082357724,0
1.94424941742513,-13.5767193076263,0
2.00601575374945,-13.5294564458114,0
2.06760546955745,-13.482021268626,0
2.12901681847786,-13.4344154085873,0
2.1902480647201,-13.3866405122894,0
2.25129748320047,-13.3386982403206,0
2.31216335972238,-13.2905902671356,0
2.37284399114717,-13.2423182809328,0
2.43333768553105,-13.1938839835556,0
2.49364276229632,-13.1452890903643,0
2.55375755240708,-13.0965353301009,0
2.61368039848938,-13.0476244447971,0
2.67340965503385,-12.9985581896121,0
2.73294368851462,-12.9493383327359,0
2.79228087756134,-12.8999666552472,0
2.85141961312567,-12.8504449509719,0
2.91035829860397,-12.8007750263767,0
2.96909535002236,-12.7509587004064,0
3.02762919617448,-12.7009978043593,0
3.08595827876229,-12.6508941817567,0
3.14408105256817,-12.6006496881835,0
3.20199598559246,-12.5502661911545,0
3.25970155919022,-12.4997455699801,0
3.31719626824792,-12.449089715593,0
3.37447862129214,-12.3983005304324,0
3.43154714066676,-12.3473799282648,0
3.48840036266211,-12.2963298340444,0
3.54503683764889,-12.2451521837661,0
3.60145513024071,-12.1938489242904,0
3.65765381941699,-12.1424220132007,0
3.71363149866867,-12.090873418637,0
3.76938677614002,-12.03920511913,0
3.82491827475048,-11.9874191034514,0
3.88022463234929,-11.9355173704292,0
3.93530450184099,-11.8835019287888,0
3.99015655130768,-11.8313747969928,0
4.0447794641618,-11.7791380030494,0
4.09917193925931,-11.7267935843554,0
4.15333269103485,-11.6743435875147,0
4.20726044963334,-11.6217900681575,0
4.26095396102222,-11.5691350907744,0
4.31441198713528,-11.5163807285173,0
4.36763330598081,-11.4635290630311,0
4.42061671177071,-11.4105821842628,0
4.47336101503886,-11.3575421902765,0
4.52586504276009,-11.3044111870654,0
4.57812763846742,-11.2511912883623,0
4.63014766237307,-11.1978846154424,0
4.68192399146878,-11.1444932969439,0
4.7334555196582,-11.0910194686531,0
4.78474115785322,-11.0374652733222,0
4.83577983408949,-10.9838328604643,0
4.88657049363426,-10.9301243861533,0
4.93711209909222,-10.8763420128215,0
4.98740363050958,-10.8224879090566,0
5.03744408548255,-10.7685642493896,0
5.08723247924627,-10.7145732141009,0
5.13676784479082,-10.6605169889929,0
5.18604923294746,-10.6063977651918,0
5.23507571249054,-10.5522177389284,0
5.28384637022564,-10.4979791113306,0
5.33236031109635,-10.4436840881914,0
5.38061665825759,-10.3893348797706,0
5.42861455317384,-10.334933700565,0
5.47635315571295,-10.2804827690794,0
5.52383164421646,-10.225984307621,0
5.57104921559551,-10.1714405420602,0
5.61800508540806,-10.11685370161,0
5.6646984879354,-10.0622260186011,0
5.71112867627106,-10.0075597282399,0
5.75729492238279,-9.95285706839329,0
5.80319651719313,-9.89812027934824,0
5.84883277065812,-9.84335160356906,0
5.89420301182056,-9.78855328548143,0
5.93930658889791,-9.73372757121088,0
5.98414286933131,-9.67887670836386,0
6.0287112398567,-9.62400294577832,0
6.07301110657214,-9.56910853327451,0
6.11704189498533,-9.51419572142615,0
6.16080305007787,-9.45926676130692,0
6.20429403636644,-9.40432390423632,0
6.24751433794026,-9.3493694015512,0
6.29046345853172,-9.2944055043314,0
6.33314092154837,-9.23943446316979,0
6.37554627012743,-9.18445852790978,0
6.41767906718423,-9.12947994738587,0
6.45953889544492,-9.07450096918046,0
6.50112535749073,-9.0195238393612,0
6.54243807580212,-8.96455080221408,0
6.5834766927794,-8.90958410000317,0
6.62424087079332,-8.85462597268605,0
6.66473029220103,-8.79967865767107,0
6.70494465938082,-8.74474438954487,0
6.744883694763,-8.68982539980048,0
6.78454714084066,-8.63492391658835,0
6.8239347602041,-8.58004216443029,0
6.86304633555345,-8.52518236395874,0
6.90188166971142,-8.47034673165147,0
6.94044058564559,-8.41553747954794,0
6.97872292647534,-8.36075681498266,0
7.0167285554764,-8.30600694031721,0
7.05445735609853,-8.2512900526486,0
7.09190923195574,-8.19660834355232,0
7.12908410683908,-8.14196399878788,0
7.16598192471035,-8.08735919802704,0
7.20260264969508,-8.03279611457848,0
7.23894626608363,-7.97827691509525,0
7.27501277831606,-7.92380375930133,0
7.31080221097248,-7.86937879970517,0
7.34631460876067,-7.81500418131187,0
7.38155003649304,-7.76068204134681,0
7.41650857907453,-7.70641450895711,0
7.45119034147644,-7.65220370492965,0
7.48559544870814,-7.59805174140709,0
7.51972404579609,-7.54396072158729,0
7.55357629774793,-7.48993273944072,0
7.58715238952055,-7.43596987941635,0
7.62045252598606,-7.38207421614541,0
7.65347693188706,-7.32824781415686,0
7.6862258518024,-7.2744927275706,0
7.71869955009672,-7.22081099981124,0
7.75089831087547,-7.16720466330767,0
7.78282243793393,-7.11367573919667,0
7.81447225470412,-7.06022623702447,0
7.84584810419816,-7.0068581544487,0
7.87695034895119,-6.95357347693503,0
7.90777937095478,-6.90037417746457,0
7.93833557159794,-6.84726221622214,0
7.96861937159471,-6.79423954030201,0
7.99863121091512,-6.74130808340164,0
8.028371548711,-6.68846976551883,0
8.05784086323894,-6.63572649264751,0
8.08703965178051,-6.58308015647261,0
8.11596843055929,-6.53053263406441,0
8.14462773465459,-6.47808578757274,0
8.17301811791282,-6.42574146391932,0
8.20114015285479,-6.37350149449112,0
8.22899443058102,-6.32136769483133,0
8.25658156067179,-6.26934186433358,0
8.28390217108906,-6.21742578592633,0
8.3109569080675,-6.16562122577134,0
8.33774643600871,-6.11392993294964,0
8.36427143737208,-6.06235363914728,0
8.39053261255653,-6.01089405835208,0
8.41653067978637,-5.95955288653591,0
8.44226637498944,-5.90833180134504,0
8.46774045167251,-5.85723246178954,0
8.49295368079686,-5.80625650792512,0
8.51790685064448,-5.75540556054714,0
8.54260076668603,-5.7046812208741,0
8.56703625144575,-5.65408507023028,0
8.5912141443569,-5.60361866974085,0
8.61513530162324,-5.5532835600073,0
8.63880059606814,-5.50308126080164,0
8.66221091698595,-5.4530132707484,0
8.68536716998988,-5.40308106700702,0
8.7082702768523,-5.35328610496283,0
8.73092117534587,-5.30362981790903,0
8.75332081908128,-5.25411361672843,0
8.77547017733654,-5.20473888958614,0
8.79737023489078,-5.15550700160492,0
8.81902199184685,-5.10641929455748,0
8.84042646345532,-5.05747708654813,0
8.86158467993488,-5.00868167169464,0
8.88249768628514,-4.96003431981969,0
8.90316654210176,-4.91153627612893,0
8.92359232138397,-4.8631887608987,0
8.94377611233879,-4.81499296916348,0
8.96371901718532,-4.76695007039483,0
8.98342215195044,-4.71906120819278,0
9.00288664626458,-4.67132749996867,0
9.02211364315379,-4.62375003662843,0
9.04110429882503,-4.57632988226423,0
9.05985978245247,-4.52906807383491,0
9.07838127595697,-4.48196562085481,0
9.0966699737822,-4.43502350508249,0
9.11472708266945,-4.38824268020377,0
9.13255382142644,-4.34162407152132,0
9.15015142069266,-4.29516857564447,0
9.16752112270366,-4.24887706017233,0
9.18466418104756,-4.2027503633886,0
9.20158186042204,-4.15678929394576,0
9.21827543638503,-4.11099463055675,0
9.23474619510191,-4.06536712168687,0
9.25099543309091,-4.01990748524099,0
9.2670244569626,-3.97461640825762,0
9.28283458315686,-3.92949454660004,0
9.29842713767625,-3.88454252464797,0
9.31380345581453,-3.8397609349934,0
9.32896488188322,-3.79515033813139,0
9.34391276893307,-3.75071126215613,0
9.35864847847167,-3.70644420245797,0
9.37317338017885,-3.66234962141646,0
9.38748885161653,-3.61842794809976,0
9.4015962779359,-3.57467957796174,0
9.41549705158069,-3.53110487253989,0
9.42919257198586,-3.48770415915711,0
9.44268424527405,-3.4444777306194,0
9.45597348394664,-3.4014258449194,0
9.46906170657202,-3.35854872493804,0
9.48195033746964,-3.31584655814811,0
9.49464080639041,-3.27331949631876,0
9.50713454819316,-3.23096765522116,0
9.51943300251756,-3.18879111433454,0
9.53153761345248,-3.14678991655557,0
9.54344982920169,-3.10496406790517,0
9.55517110174455,-3.06331353724026,0
9.56670288649357,-3.02183825596442,0
9.57804664194786,-2.98053811774064,0
9.58920382934275,-2.93941297820522,0
9.60017591229557,-2.89846265468288,0
9.61096435644756,-2.85768692590336,0
9.62157062910186,-2.81708553171928,0
9.6319961988577,-2.77665817282546,0
9.64224253524062,-2.73640451047961,0
9.6523111083289,-2.69632416622452,0
9.66220338837591,-2.65641672161211,0
9.67192084542898,-2.61668171792764,0
9.68146494894377,-2.57711865591777,0
9.69083716739516,-2.53772699551833,0
9.70003896788435,-2.49850615558371,0
9.70907181574147,-2.45945551361972,0
9.7179371741249,-2.42057440551595,0
9.72663650361631,-2.38186212528117,0
9.73517126181187,-2.34331792478033,0
9.74354290290968,-2.30494101347238,0
9.75175287729299,-2.26673055815162,0
9.75980263110968,-2.22868568268947,0
9.76769360584799,-2.1908054677781,0
9.77542723790778,-2.15308895067762,0
9.78300495816854,-2.11553512496273,0
9.79042819155291,-2.07814294027367,0
9.79769835658653,-2.0409113020678,0
9.80481686495402,-2.00383907137329,0
9.81178512105076,-1.96692506454575,0
9.81860452153099,-1.93016805302621,0
9.8252764548519,-1.89356676310103,0
9.83180230081367,-1.85711987566524,0
9.83818343009577,-1.82082602598631,0
9.84442120378914,-1.78468380347187,0
9.85051697292455,-1.7486917514386,0
9.85647207799704,-1.71284836688362,0
9.86228784848629,-1.67715210025884,0
9.86796560237322,-1.64160135524676,0
9.87350664565258,-1.60619448853938,0
9.87891227184157,-1.57092980961945,0
9.88418376148466,-1.53580558054371,0
9.88932238165433,-1.50082001572938,0
9.89432938544799,-1.46597128174274,0
9.89920601148098,-1.43125749709019,0
9.90395348337558,-1.39667673201246,0
9.90857300924615,-1.36222700828092,0
9.91306578118039,-1.32790629899683,0
9.9174329747166,-1.29371252839346,0
9.92167574831712,-1.25964357164058,0
9.92579524283784,-1.22569725465212,0
9.92979258099374,-1.19187135389647,0
9.93366886682071,-1.15816359620962,0
9.93742518513324,-1.12457165861138,0
9.94106260097846,-1.09109316812433,0
9.94458215908612,-1.05772570159584,0
9.94798488331479,-1.02446678552313,0
9.95127177609416,-0.991313895881282,0
9.95444381786347,-0.958264457954412,0
9.95750196650608,-0.9253158461699,0
9.9604471567802,-0.892465383935785,0
9.96328029974575,-0.85971034348137,0
9.96600228218741,-0.827047945701035,0
9.96861396603376,-0.794475360001265,0
9.97111618777273,-0.761989704151031,0
9.97350975786304,-0.7295880441355,0
9.975795460142,-0.697267394013045,0
9.9779740512294,-0.665024715775727,0
9.98004625992763,-0.632856919213186,0
9.98201278661799,-0.600760861779985,0
9.98387430265328,-0.568733348466553,0
9.9856314497465,-0.536771131673539,0
9.98728483935593,-0.50487091108987,0
9.98883505206628,-0.47302933357437,0
9.99028263696626,-0.441242993041052,0
9.9916281110223,-0.409508430348106,0
9.99287195844857,-0.377822133190622,0
9.9940146300733,-0.346180535997034,0
9.99505654270135,-0.314580019829495,0
9.99599807847314,-0.28301691228792,0
9.9968395842198,-0.251487487418045,0
9.99758137081476,-0.21998796562333,0
9.99822371252155,-0.188514513580887,0
9.99876684633805,-0.15706324416126,0
9.99921097133701,-0.125630216352408,0
9.99955624800298,-0.0942114351876247,0
9.99980279756566,-0.0628028516776092,0
9.99995070132953,-0.031400362746667,0
10,-2.44929359829471e-15,0
